Group,Conversion Rate
Control (psa),0.01785410644448223
Test (ad),0.025546559636683747
